<?xml version="1.0" encoding="UTF-8"?>
<!DOCTYPE module PUBLIC "-//Puppy Crawl//DTD Check Configuration 1.3//EN" "http://www.puppycrawl.com/dtds/configuration_1_3.dtd">

<!-- This configuration file was written by the eclipse-cs plugin configuration 
   editor -->
<!-- Checkstyle-Configuration: DBIS Checkstyle Configuration Description: 
   none -->
<module name="Checker">
   <property name="severity" value="error" />
   <module name="TreeWalker">
      <module name="Regexp">
         <property name="format" value="(^|[^*])[ \t]+$" />
         <property name="message" value="Trailing whitespace" />
         <property name="illegalPattern" value="true" />
      </module>
      <module name="Regexp">
         <property name="format" value="\r\n" />
         <property name="message" value="Windows newline" />
         <property name="illegalPattern" value="true" />
      </module>
      <module name="ArrayTypeStyle" />
      <module name="ModifierOrder" />
      <module name="RedundantModifier" />
      <module name="UpperEll" />
      <module name="AvoidNestedBlocks" />
      <module name="EmptyBlock">
         <property name="option" value="text" />
      </module>
      <module name="LeftCurly" />
      <module name="NeedBraces" />
      <module name="RightCurly" />
      <module name="EqualsHashCode" />
      <module name="IllegalInstantiation" />
      <module name="InnerAssignment" />
      <module name="MissingSwitchDefault" />
      <module name="SimplifyBooleanExpression" />
      <module name="SimplifyBooleanReturn" />
      <module name="StringLiteralEquality" />
      <module name="AvoidStarImport" />
      <module name="AvoidStaticImport">
         <property name="excludes" value="org.junit.Assert.*" />
      </module>
      <module name="IllegalImport" />
      <module name="RedundantImport" />
      <module name="UnusedImports" />
      <module name="JavadocType">
         <property name="severity" value="warning" />
         <property name="authorFormat" value=".* .*" />
      </module>
      <module name="JavadocMethod">
         <property name="severity" value="warning" />
         <property name="allowUndeclaredRTE" value="true" />
         <property name="allowThrowsTagsForSubclasses" value="true" />
      </module>
      <module name="JavadocVariable">
         <property name="severity" value="warning" />
      </module>
      <module name="JavadocStyle">
         <property name="severity" value="warning" />
      </module>
      <module name="ConstantName" />
      <module name="LocalFinalVariableName">
         <property name="severity" value="warning" />
      </module>
      <module name="LocalVariableName" />
      <module name="MemberName" />
      <module name="MethodName" />
      <module name="PackageName" />
      <module name="ParameterName" />
      <module name="StaticVariableName" />
      <module name="TypeName" />
      <module name="LineLength">
         <property name="severity" value="warning" />
         <property name="ignorePattern" value="^.*(@see|@\([#]\) \$Id:).*$" />
         <property name="max" value="120" />
         <property name="tabWidth" value="3" />
      </module>
      <module name="MethodLength">
         <property name="max" value="250" />
         <property name="countEmpty" value="false" />
      </module>
      <module name="ParameterNumber">
         <property name="severity" value="warning" />
         <property name="tokens" value="METHOD_DEF" />
      </module>
      <module name="EmptyForIteratorPad" />
      <module name="NoWhitespaceAfter">
         <property name="tokens"
            value="BNOT, DEC, DOT, INC, LNOT, UNARY_MINUS, UNARY_PLUS" />
      </module>
      <module name="NoWhitespaceBefore" />
      <module name="OperatorWrap" />
      <module name="ParenPad" />
      <module name="TypecastParenPad">
         <property name="tokens" value="RPAREN, TYPECAST" />
      </module>
      <module name="WhitespaceAfter" />
      <module name="WhitespaceAround">
         <property name="tokens"
            value="ASSIGN,BAND,BAND_ASSIGN,BOR,BOR_ASSIGN,BSR,BSR_ASSIGN,BXOR,BXOR_ASSIGN,COLON,DIV,DIV_ASSIGN,EQUAL,GE,GT,LAND,LCURLY,LE,LITERAL_ASSERT,LITERAL_CATCH,LITERAL_DO,LITERAL_ELSE,LITERAL_FINALLY,LITERAL_FOR,LITERAL_IF,LITERAL_RETURN,LITERAL_SYNCHRONIZED,LITERAL_TRY,LITERAL_WHILE,LOR,LT,MINUS,MINUS_ASSIGN,MOD,MOD_ASSIGN,NOT_EQUAL,PLUS,PLUS_ASSIGN,QUESTION,RCURLY,SL,SLIST,SL_ASSIGN,SR,SR_ASSIGN,STAR,STAR_ASSIGN,LITERAL_ASSERT,TYPE_EXTENSION_AND" />
      </module>
      <module name="NestedIfDepth">
         <property name="max" value="3" />
      </module>
      <module name="DefaultComesLast" />
      <!-- module name="IllegalTokenText">
         <property name="tokens" value="LABELED_STAT" />
         <property name="format" value=".*" />
         <property name="message" value="labels are discouraged" />
         <metadata name="com.atlassw.tools.eclipse.checkstyle.comment"
            value="Labels are discouraged" />
      </module -->
      <module name="AnonInnerLength">
         <property name="max" value="100" />
      </module>
      <module name="EmptyForInitializerPad" />
      <module name="MethodParamPad" />
      <module name="CovariantEquals" />
      <module name="ModifiedControlVariable" />
      <module name="MultipleVariableDeclarations" />
      <module name="SuperFinalize" />
      <module name="ImportOrder">
         <property name="severity" value="warning" />
         <property name="option" value="top" />
         <property name="groups"
            value="java, javax, junit, com, edu, org, ch, kn.uni, minibase" />
         <property name="separated" value="true" />
      </module>
      <module name="FinalClass">
         <property name="severity" value="warning" />
      </module>
      <module name="HideUtilityClassConstructor" />
      <module name="VisibilityModifier" />
      <module name="InterfaceIsType" />
      <module name="FinalLocalVariable">
         <property name="severity" value="warning" />
         <property name="tokens" value="PARAMETER_DEF,VARIABLE_DEF" />
      </module>
      <module name="SuperClone" />
      <module name="UnnecessaryParentheses" />
      <module name="OneStatementPerLine" />
      <module name="RequireThis">
         <property name="severity" value="error" />
         <property name="validateOnlyOverlapping" value="false" />
      </module>
      <module name="TrailingComment">
         <property name="format" value="^\s*$" />
      </module>
      <module name="MissingOverride" />
   </module>
   <module name="RegexpMultiline">
      <property name="severity" value="error" />
      <property name="format" value="\r?\n[ \t]*\r?\n[ \t]*\}" />
      <property name="message" value="Newline before closing brace" />
   </module>
   <module name="FileLength" />
   <module name="FileTabCharacter" />
   <module name="NewlineAtEndOfFile">
      <property name="severity" value="warning" />
      <property name="lineSeparator" value="lf" />
   </module>
</module>
